{
  "meta_title": "",
  "meta_description": "",
  "sections": [
    {
      "type": "collection-shelf",
      "shuffle": true,
      "collection_id": "66b0f05186679971c6365a54:categories:Blusas:/blusas",
      "sort": "lowest_price",
      "title": "Lançamento",
      "headless": false,
      "limit": 15,
      "page": ""
    },
    {
      "type": "collection-shelf",
      "shuffle": true,
      "limit": 12,
      "page": 1,
      "collection_id": "66b0f02286679971c63659ba:categories:Calças:/calcas-jeans",
      "sort": "views",
      "headless": true
    },
    {
      "type": "collection-shelf",
      "shuffle": true,
      "limit": 12,
      "page": "",
      "collection_id": "66b1079886679971c63698ef:categories:Vestidos/Macacão/Saia:/vestidosmacacao"
    },
    {
      "type": "info-bar",
      "enabled": true
    },
    {
      "type": "dynamic-showcase",
      "load_more": true
    },
    {
      "type": "brands-carousel",
      "limit": 24,
      "offset": 0
    }
  ]
}